search SEARCH,NONE,https://www.jeep.com/
search SEARCH,NONE,https://www.jeep.com/new-grand-cherokee.html
NONE,change-zip__form-9dc11150-8ec9-4b57-a850-1fcf19fef84d,https://www.jeep.com/new-grand-cherokee.html
search SEARCH,NONE,https://www.jeep.com/wrangler.html
NONE,change-zip__form-86315ff9-60b7-41e5-9cf4-3e3c81ad7006,https://www.jeep.com/wrangler.html
NONE,NONE,https://www.jeep.com/wrangler.html
search SEARCH,NONE,https://www.jeep.com/online-vehicle-shopping.html
search SEARCH,NONE,https://www.jeep.com/grand-cherokee-wk.html
NONE,change-zip__form-f0ec502b-126a-4735-b277-cc7465458e38,https://www.jeep.com/grand-cherokee-wk.html
search SEARCH,NONE,https://www.jeep.com/wagoneer.html
search SEARCH,NONE,https://www.jeep.com/all-new-grand-cherokee-3-row.html
NONE,change-zip__form-68a83b83-a20f-442d-97dc-7f9e6de2de22,https://www.jeep.com/all-new-grand-cherokee-3-row.html
SUBMIT,NONE,https://www.jeep.com/wrangler/wrangler-4xe.html
search SEARCH,NONE,https://www.jeep.com/wrangler/wrangler-4xe.html
NONE,change-zip__form-b8c67fc9-f80b-4b23-a2d8-41c546a8a3ab,https://www.jeep.com/wrangler/wrangler-4xe.html
search SEARCH,NONE,https://www.jeep.com/cherokee.html
NONE,change-zip__form-232e2e38-fedc-46e4-bd19-9a9b38f3f934,https://www.jeep.com/cherokee.html
search SEARCH,NONE,https://www.jeep.com/compass.html
NONE,change-zip__form-7e8d2b3b-baa6-428a-80af-390ea985abe6,https://www.jeep.com/compass.html
* required First Name Last Name Email ZIP Code ADD MY NAME,sufu,https://www.jeep.com/red.html
search SEARCH,NONE,https://www.jeep.com/red.html
search SEARCH,NONE,https://www.jeep.com/sitemap.html
search SEARCH,NONE,https://www.jeep.com/kbb.html
search SEARCH,NONE,https://www.jeep.com/jeep-wave.html
SUBMIT,NONE,https://www.jeep.com/new-grand-cherokee/grand-cherokee-4xe.html
search SEARCH,NONE,https://www.jeep.com/new-grand-cherokee/grand-cherokee-4xe.html
NONE,change-zip__form-8b279ebb-2d88-41a1-bf67-87df4f9968e3,https://www.jeep.com/new-grand-cherokee/grand-cherokee-4xe.html
search SEARCH,NONE,https://www.jeep.com/renegade.html
NONE,change-zip__form-c5745ac0-8e96-406b-9bb2-500fbeb7fe5b,https://www.jeep.com/renegade.html
search SEARCH,NONE,https://www.jeep.com/gladiator.html
NONE,change-zip__form-20bfbf98-6bc6-40a9-a0eb-71a2419d5001,https://www.jeep.com/gladiator.html
search SEARCH,NONE,https://www.jeep.com/all-vehicles.html
search SEARCH,NONE,https://www.jeep.com/4xe/incentives/hybrid-incentives.html
search SEARCH,NONE,https://www.jeep.com/incentives/bonus-incentives.html
NONE,gab,https://www.jeep.com/gab.html
search SEARCH,NONE,https://www.jeep.com/gab.html
NONE,change-zip__form-0b3e713e-444c-4625-8ffa-a1f2e3595bab,https://www.jeep.com/gab.html
search SEARCH,NONE,https://www.jeep.com/competitive-compare.html
search SEARCH,NONE,https://www.jeep.com/tax-benefits-for-businesses.html
search SEARCH,NONE,https://www.jeep.com/suv.html
search SEARCH,NONE,https://www.jeep.com/4x4/faq-and-glossary.html
search SEARCH,NONE,https://www.jeep.com/jeep-capabilities/fuel-efficiency.html
search SEARCH,NONE,https://www.jeep.com/badge-of-honor.html
search SEARCH,NONE,https://www.jeep.com/partnership.html
search SEARCH,NONE,https://www.jeep.com/history.html

search SEARCH,NONE,https://www.jeep.com/warranty.html

