search SEARCH,NONE,https://www.jeep.com/wrangler.html
NONE,change-zip__form-3deae31c-313f-4f3a-926f-79fe588ee52c,https://www.jeep.com/wrangler.html
search SEARCH,NONE,https://www.jeep.com/online-vehicle-shopping.html
search SEARCH,NONE,https://www.jeep.com/new-grand-cherokee.html
NONE,change-zip__form-aae7aad3-03d7-4c4f-9e62-1047e12de075,https://www.jeep.com/new-grand-cherokee.html
search SEARCH,NONE,https://www.jeep.com/grand-cherokee-wk.html
NONE,change-zip__form-b0a2d4f5-e2ef-4a7e-9ddd-8344d43f65dc,https://www.jeep.com/grand-cherokee-wk.html
search SEARCH,NONE,https://www.jeep.com/
search SEARCH,NONE,https://www.jeep.com/wagoneer.html
search SEARCH,NONE,https://www.jeep.com/all-new-grand-cherokee-3-row.html
NONE,change-zip__form-6f06e894-104e-483f-aa41-cef2ce1babbb,https://www.jeep.com/all-new-grand-cherokee-3-row.html
SUBMIT,NONE,https://www.jeep.com/wrangler/wrangler-4xe.html
search SEARCH,NONE,https://www.jeep.com/wrangler/wrangler-4xe.html
NONE,change-zip__form-94886586-daa2-40bc-81f6-3281f91d8457,https://www.jeep.com/wrangler/wrangler-4xe.html
search SEARCH,NONE,https://www.jeep.com/cherokee.html
NONE,change-zip__form-8e06cab1-7f97-4673-99b1-859a2e68ec67,https://www.jeep.com/cherokee.html
search SEARCH,NONE,https://www.jeep.com/compass.html
NONE,change-zip__form-d10efb3e-23a0-4f5e-89a7-37f4c9fb20a8,https://www.jeep.com/compass.html
NONE,NONE,https://www.jeep.com/compass.html
search SEARCH,NONE,https://www.jeep.com/gladiator.html
NONE,change-zip__form-0f651a29-027f-43e6-bf79-7745d7e33adf,https://www.jeep.com/gladiator.html
search SEARCH,NONE,https://www.jeep.com/renegade.html
NONE,change-zip__form-48949f9a-2624-4c3f-9333-bcfe716612b1,https://www.jeep.com/renegade.html
search SEARCH,NONE,https://www.jeep.com/jeep-wave.html
search SEARCH,NONE,https://www.jeep.com/kbb.html
* required First Name Last Name Email ZIP Code ADD MY NAME,sufu,https://www.jeep.com/red.html
search SEARCH,NONE,https://www.jeep.com/red.html
SUBMIT,NONE,https://www.jeep.com/new-grand-cherokee/grand-cherokee-4xe.html
search SEARCH,NONE,https://www.jeep.com/new-grand-cherokee/grand-cherokee-4xe.html
NONE,change-zip__form-2d7aa4f5-f2be-453e-9c03-7f3001469274,https://www.jeep.com/new-grand-cherokee/grand-cherokee-4xe.html
search SEARCH,NONE,https://www.jeep.com/sitemap.html
search SEARCH,NONE,https://www.jeep.com/all-vehicles.html
search SEARCH,NONE,https://www.jeep.com/4xe/incentives/hybrid-incentives.html
search SEARCH,NONE,https://www.jeep.com/incentives/bonus-incentives.html
NONE,gab,https://www.jeep.com/gab.html
search SEARCH,NONE,https://www.jeep.com/gab.html
NONE,change-zip__form-89aae15e-0ea6-4da6-92a5-c66e09b38dde,https://www.jeep.com/gab.html
search SEARCH,NONE,https://www.jeep.com/competitive-compare.html
search SEARCH,NONE,https://www.jeep.com/suv.html
search SEARCH,NONE,https://www.jeep.com/tax-benefits-for-businesses.html
search SEARCH,NONE,https://www.jeep.com/jeep-capabilities/fuel-efficiency.html
search SEARCH,NONE,https://www.jeep.com/4x4/faq-and-glossary.html
search SEARCH,NONE,https://www.jeep.com/badge-of-honor.html
search SEARCH,NONE,https://www.jeep.com/partnership.html
search SEARCH,NONE,https://www.jeep.com/history.html
search SEARCH,NONE,https://www.jeep.com/wagoneer/client-services.html
search SEARCH,NONE,https://www.jeep.com/warranty.html
search SEARCH,NONE,https://www.jeep.com/connectivity.html
search SEARCH,NONE,https://www.jeep.com/wagoneer/section-179-deduction.html
search SEARCH,NONE,https://www.jeep.com/new-grand-cherokee/capability.html
search SEARCH,NONE,https://www.jeep.com/new-grand-cherokee/exterior.html
NONE,change-zip__form-9005d0c7-20d7-458e-b146-bb9fd8181984,https://www.jeep.com/new-grand-cherokee/exterior.html
search SEARCH,NONE,https://www.jeep.com/new-grand-cherokee/interior.html
NONE,change-zip__form-6725fffc-e2ef-4273-8af7-19ac79a4a928,https://www.jeep.com/new-grand-cherokee/interior.html
search SEARCH,NONE,https://www.jeep.com/new-grand-cherokee/safety-security.html
search SEARCH,NONE,https://www.jeep.com/all-new-grand-cherokee-3-row/gallery.html
search SEARCH,NONE,https://www.jeep.com/new-grand-cherokee/gallery.html
search SEARCH,NONE,https://www.jeep.com/all-new-grand-cherokee-3-row/exterior.html
NONE,change-zip__form-3b3eefd8-50b2-4375-ba0f-c9b95689ee69,https://www.jeep.com/all-new-grand-cherokee-3-row/exterior.html
search SEARCH,NONE,https://www.jeep.com/all-new-grand-cherokee-3-row/safety-security.html
search SEARCH,NONE,https://www.jeep.com/new-grand-cherokee/technology.html
search SEARCH,NONE,https://www.jeep.com/all-new-grand-cherokee-3-row/interior.html
NONE,change-zip__form-0c78baee-dbb9-4b46-82c4-b35009075117,https://www.jeep.com/all-new-grand-cherokee-3-row/interior.html
search SEARCH,NONE,https://www.jeep.com/all-new-grand-cherokee-3-row/capability.html
search SEARCH,NONE,https://www.jeep.com/all-new-grand-cherokee-3-row/specs.html
NONE,change-zip__form-05e0aeb5-53f3-474e-b921-3d945e9035ab,https://www.jeep.com/all-new-grand-cherokee-3-row/specs.html
search SEARCH,NONE,https://www.jeep.com/2021/competitive-compare/grand-cherokee-l.html
search SEARCH,NONE,https://www.jeep.com/all-new-grand-cherokee-3-row/technology.html
search SEARCH,NONE,https://www.jeep.com/wrangler/gallery.html
search SEARCH,NONE,https://www.jeep.com/wrangler/rubicon-392.html
search SEARCH,NONE,https://www.jeep.com/wrangler/technology.html
search SEARCH,NONE,https://www.jeep.com/wrangler/safety-security.html
search SEARCH,NONE,https://www.jeep.com/limited-editions/2022/willys-combined.html
search SEARCH,NONE,https://www.jeep.com/wrangler/interior.html
NONE,change-zip__form-ee84d781-7887-413a-972f-d252b829c2db,https://www.jeep.com/wrangler/interior.html
search SEARCH,NONE,https://www.jeep.com/wrangler/capability.html
search SEARCH,NONE,https://www.jeep.com/wrangler/exterior.html
NONE,change-zip__form-e06151b9-499f-4df8-b5dc-2032a03cded6,https://www.jeep.com/wrangler/exterior.html
search SEARCH,NONE,https://www.jeep.com/grand-cherokee-wk/gallery.html
search SEARCH,NONE,https://www.jeep.com/grand-cherokee-wk/specs.html
NONE,change-zip__form-8b235be8-72ec-4346-917f-52ac778bff9c,https://www.jeep.com/grand-cherokee-wk/specs.html
search SEARCH,NONE,https://www.jeep.com/2022/grand-cherokee-wk/gallery.html
search SEARCH,NONE,https://www.jeep.com/limited-editions/grand-cherokee-wk/laredo-x.html
search SEARCH,NONE,https://www.jeep.com/grand-cherokee.html
NONE,change-zip__form-e95fac86-ce45-4c89-afc2-53f87cfb4775,https://www.jeep.com/grand-cherokee.html
search SEARCH,NONE,https://www.jeep.com/2022/grand-cherokee-wk/specs.html
NONE,change-zip__form-677b1722-7702-49b5-b8da-f1c76652ef68,https://www.jeep.com/2022/grand-cherokee-wk/specs.html
search SEARCH,NONE,https://www.jeep.com/cherokee/capability.html
search SEARCH,NONE,https://www.jeep.com/cherokee/technology.html
search SEARCH,NONE,https://www.jeep.com/cherokee/interior.html
NONE,change-zip__form-cb56f591-4bf7-4a22-9b84-5ff83a7339fc,https://www.jeep.com/cherokee/interior.html
search SEARCH,NONE,https://www.jeep.com/cherokee/gallery.html
search SEARCH,NONE,https://www.jeep.com/cherokee/safety-security.html
search SEARCH,NONE,https://www.jeep.com/2021/cherokee.html
NONE,change-zip__form-6f9f7bd3-9757-4369-a87f-d9cde0aba4f9,https://www.jeep.com/2021/cherokee.html
search SEARCH,NONE,https://www.jeep.com/cherokee/exterior.html
NONE,change-zip__form-cc214054-db53-44f9-86ea-c38ce08c3490,https://www.jeep.com/cherokee/exterior.html
search SEARCH,NONE,https://www.jeep.com/2021/compass.html
NONE,change-zip__form-f5a97414-065a-483f-851d-a1311f3d9b8e,https://www.jeep.com/2021/compass.html
search SEARCH,NONE,https://www.jeep.com/compass/exterior.html
NONE,change-zip__form-49a23b6c-6a32-47e9-99a2-44abc09e9f9c,https://www.jeep.com/compass/exterior.html
search SEARCH,NONE,https://www.jeep.com/compass/gallery.html
search SEARCH,NONE,https://www.jeep.com/cherokee/specs.html
NONE,change-zip__form-7b0bf837-426b-4e96-a7fb-391a05ede926,https://www.jeep.com/cherokee/specs.html
Search SEARCH,NONE,https://www.jeep.com/vehicle-selector.model-compare.html
search SEARCH,NONE,https://www.jeep.com/compass/technology.html
search SEARCH,NONE,https://www.jeep.com/compass/capability.html
search SEARCH,NONE,https://www.jeep.com/compass/safety-security.html
search SEARCH,NONE,https://www.jeep.com/2021/renegade.html
NONE,change-zip__form-80631319-ba48-45b8-90f1-3b5d7329b78b,https://www.jeep.com/2021/renegade.html
search SEARCH,NONE,https://www.jeep.com/compass/interior.html
NONE,change-zip__form-27fb9661-71f2-471d-a1b9-d62f21dc4778,https://www.jeep.com/compass/interior.html
search SEARCH,NONE,https://www.jeep.com/compass/specs.html
NONE,change-zip__form-8b51bc53-02a6-4638-81f9-412d706987f5,https://www.jeep.com/compass/specs.html
search SEARCH,NONE,https://www.jeep.com/renegade/gallery.html
search SEARCH,NONE,https://www.jeep.com/renegade/technology.html
search SEARCH,NONE,https://www.jeep.com/renegade/exterior.html
NONE,change-zip__form-1dc057c3-f3f6-46c3-bb26-57fd9aaa93cf,https://www.jeep.com/renegade/exterior.html
search SEARCH,NONE,https://www.jeep.com/renegade/capability.html
search SEARCH,NONE,https://www.jeep.com/renegade/interior.html
NONE,change-zip__form-b9d02fe3-5b47-496f-b6e7-fff1b0d0f135,https://www.jeep.com/renegade/interior.html
search SEARCH,NONE,https://www.jeep.com/renegade/specs.html
NONE,change-zip__form-005edf11-dc22-4127-8f2f-5013adf91a36,https://www.jeep.com/renegade/specs.html
search SEARCH,NONE,https://www.jeep.com/renegade/safety-security.html
search SEARCH,NONE,https://www.jeep.com/gladiator/capability.html
search SEARCH,NONE,https://www.jeep.com/2021/gladiator.html
search SEARCH,NONE,https://www.jeep.com/gladiator/utility.html
search SEARCH,NONE,https://www.jeep.com/gladiator/gallery.html
search SEARCH,NONE,https://www.jeep.com/gladiator/technology.html
search SEARCH,NONE,https://www.jeep.com/gladiator/specs.html
NONE,change-zip__form-3e1f0c1e-9328-4df0-a06f-0df5da6690d1,https://www.jeep.com/gladiator/specs.html
NONE,change-zip__form-fabdf324-cdfb-4776-9430-5f545624de33,https://www.jeep.com/gladiator/exterior.html
search SEARCH,NONE,https://www.jeep.com/limited-editions/2022/gladiator/texas-trail.html
search SEARCH,NONE,https://www.jeep.com/gladiator/safety-security.html
search SEARCH,NONE,https://www.jeep.com/new-grand-cherokee/grand-cherokee-4xe/specs.html
NONE,change-zip__form-de15af56-6011-42f1-9bd9-568e5a4f3f0c,https://www.jeep.com/new-grand-cherokee/grand-cherokee-4xe/specs.html
FIND A DEALER Find A Dealer By ZIP Code Use Current Location UPDATE MATCHES  FILTER BY SERVICES Not your ZIP Code? Please provide us with your ZIP Code to find the dealers closest to you.,form-fad-dealer-searchbar,https://www.jeep.com/find-dealer.html
search SEARCH,NONE,https://www.jeep.com/find-dealer.html
NONE,change-zip__form-799cb72b-9c4c-4b9c-bac2-81b309213f27,https://www.jeep.com/find-dealer.html
search SEARCH,NONE,https://www.jeep.com/liberty.html
search SEARCH,NONE,https://www.jeep.com/index.html
search SEARCH,NONE,https://www.jeep.com/commander.html
search SEARCH,NONE,https://www.jeep.com/uconnect/systems/UAM.html
search SEARCH,NONE,https://www.jeep.com/patriot.html
search SEARCH,NONE,https://www.jeep.com/uconnect/systems/UAQ.html
search SEARCH,NONE,https://www.jeep.com/uconnect.html
search SEARCH,NONE,https://www.jeep.com/uconnect/features/entertainment.html
search SEARCH,NONE,https://www.jeep.com/uconnect/systems/UAA.html
search SEARCH,NONE,https://www.jeep.com/uconnect/features/navigation.html
search SEARCH,NONE,https://www.jeep.com/uconnect/features/voice-command.html
search SEARCH,NONE,https://www.jeep.com/uconnect/systems/UAG.html
search SEARCH,NONE,https://www.jeep.com/wrangler/specs.html
NONE,change-zip__form-7a12a9ae-93e1-437f-b1f4-0d9481ef7860,https://www.jeep.com/wrangler/specs.html
search SEARCH,NONE,https://www.jeep.com/bmo.wrangler.2022.html#/models/2022/wrangler
search SEARCH,NONE,https://www.jeep.com/uconnect/features/phone.html
search SEARCH,NONE,https://www.jeep.com/bmo.wrangler_4xe.2022.html#/models/2022/wrangler_4xe
search SEARCH,NONE,https://www.jeep.com/vehicle-selector.incentives.html
search SEARCH,NONE,https://www.jeep.com/wrangler/wrangler-4xe/specs.html
NONE,change-zip__form-3a688754-7345-465a-98cc-64985a3535f3,https://www.jeep.com/wrangler/wrangler-4xe/specs.html
SUBMIT,NONE,https://www.jeep.com/2021/wrangler/wrangler-4xe.html
search SEARCH,NONE,https://www.jeep.com/2021/wrangler/wrangler-4xe.html
NONE,change-zip__form-3a7ab108-d86c-45ac-889a-4741d0ff6924,https://www.jeep.com/2021/wrangler/wrangler-4xe.html
search SEARCH,NONE,https://www.jeep.com/2021/wrangler.html
NONE,change-zip__form-c00fcf55-92cb-4d98-b316-94a2ee56517f,https://www.jeep.com/2021/wrangler.html
search SEARCH,NONE,https://www.jeep.com/2021/wrangler/exterior.html
search SEARCH,NONE,https://www.jeep.com/2021/wrangler/gallery.html
search SEARCH,NONE,https://www.jeep.com/2021/wrangler/interior.html
search SEARCH,NONE,https://www.jeep.com/2021/wrangler/safety-security.html
Search SEARCH,NONE,https://www.jeep.com/vehicle-selector.model-compare.html
search SEARCH,NONE,https://www.jeep.com/2021/wrangler/technology.html
search SEARCH,NONE,https://www.jeep.com/bmo.gladiator.2022.html#/models/2022/gladiator
search SEARCH,NONE,https://www.jeep.com/2021/wrangler/specs.html
NONE,change-zip__form-6fc48c47-7c82-44fc-a598-777b34e0913d,https://www.jeep.com/2021/wrangler/specs.html
search SEARCH,NONE,https://www.jeep.com/2021/gladiator/gallery.html
search SEARCH,NONE,https://www.jeep.com/2021/gladiator/utility.html
search SEARCH,NONE,https://www.jeep.com/2021/gladiator/technology.html
search SEARCH,NONE,https://www.jeep.com/2021/gladiator/capability.html
search SEARCH,NONE,https://www.jeep.com/incentives.wrangler.2021.html?modelYearCode=CUJ202110#/model/CUJ202110
search SEARCH,NONE,https://www.jeep.com/2021/gladiator/specs.html
NONE,change-zip__form-cbd8213c-2ead-4f8a-ba9b-5df029abeace,https://www.jeep.com/2021/gladiator/specs.html
search SEARCH,NONE,https://www.jeep.com/incentives.compass.2022.html?modelYearCode=CUJ202214#/model/CUJ202214
search SEARCH,NONE,https://www.jeep.com/2021/gladiator/safety-security.html
search SEARCH,NONE,https://www.jeep.com/2021/gladiator/exterior.html
search SEARCH,NONE,https://www.jeep.com/2021/compass/exterior.html
search SEARCH,NONE,https://www.jeep.com/2021/compass/gallery.html
search SEARCH,NONE,https://www.jeep.com/2021/gladiator/interior.html
search SEARCH,NONE,https://www.jeep.com/2021/compass/interior.html
search SEARCH,NONE,https://www.jeep.com/2021/compass/technology.html
search SEARCH,NONE,https://www.jeep.com/2021/compass/capability.html
search SEARCH,NONE,https://www.jeep.com/2021/compass/specs.html
NONE,change-zip__form-c8afcfa4-739c-4c7c-bd46-faf3d9b74b9c,https://www.jeep.com/2021/compass/specs.html
search SEARCH,NONE,https://www.jeep.com/2021/compass/safety-security.html
Search SEARCH,NONE,https://www.jeep.com/vehicle-selector.model-compare.html
search SEARCH,NONE,https://www.jeep.com/new-grand-cherokee/specs.html
NONE,change-zip__form-8fc6e506-82c4-4c5c-ad57-e90d22e061f1,https://www.jeep.com/new-grand-cherokee/specs.html
search SEARCH,NONE,https://www.jeep.com/incentives.compass.2021.html?modelYearCode=CUJ202114#/model/CUJ202114
Search SEARCH,NONE,https://www.jeep.com/vehicle-selector.model-compare.html
Search SEARCH,NONE,https://www.jeep.com/vehicle-selector.model-compare.html
search SEARCH,NONE,https://www.jeep.com/2021/cherokee/capability.html
search SEARCH,NONE,https://www.jeep.com/2021/cherokee/technology.html
search SEARCH,NONE,https://www.jeep.com/vehicle-selector.incentives.html?app=incentives
search SEARCH,NONE,https://www.jeep.com/2021/cherokee/exterior.html
search SEARCH,NONE,https://www.jeep.com/2021/cherokee/gallery.html
search SEARCH,NONE,https://www.jeep.com/2021/cherokee/specs.html
NONE,change-zip__form-47dcbecb-1be3-4eeb-a938-0ad6bcf8a679,https://www.jeep.com/2021/cherokee/specs.html
search SEARCH,NONE,https://www.jeep.com/2021/cherokee/interior.html
search SEARCH,NONE,https://www.jeep.com/2021/cherokee/safety-security.html
Search SEARCH,NONE,https://www.jeep.com/vehicle-selector.model-compare.html
Search SEARCH,NONE,https://www.jeep.com/model-compare.grand_cherokee.2022.html#/
search SEARCH,NONE,https://www.jeep.com/incentives.cherokee.2021.html?modelYearCode=CUJ202108#/model/CUJ202108
search SEARCH,NONE,https://www.jeep.com/grand-cherokee/exterior.html
search SEARCH,NONE,https://www.jeep.com/grand-cherokee/gallery.html
search SEARCH,NONE,https://www.jeep.com/grand-cherokee/performance.html
search SEARCH,NONE,https://www.jeep.com/incentives.grand_cherokee.2022.html#/model/CUJ202203
Search SEARCH,NONE,https://www.jeep.com/vehicle-selector.model-compare.html
search SEARCH,NONE,https://www.jeep.com/grand-cherokee/capability.html
search SEARCH,NONE,https://www.jeep.com/grand-cherokee/specs.html
NONE,change-zip__form-49d2a577-3bb9-466b-9c4e-23ad8e51c7df,https://www.jeep.com/grand-cherokee/specs.html
search SEARCH,NONE,https://www.jeep.com/grand-cherokee/technology.html
search SEARCH,NONE,https://www.jeep.com/grand-cherokee/interior.html
search SEARCH,NONE,https://www.jeep.com/incentives.grand_cherokee.2021.html?modelYearCode=CUJ202103#/model/CUJ202103
search SEARCH,NONE,https://www.jeep.com/grand-cherokee/safety-security.html
Search SEARCH,NONE,https://www.jeep.com/vehicle-selector.model-compare.html
search SEARCH,NONE,https://www.jeep.com/incentives.renegade.2022.html?modelYearCode=CUJ202209#/model/CUJ202209
search SEARCH,NONE,https://www.jeep.com/2021/renegade/exterior.html
search SEARCH,NONE,https://www.jeep.com/2021/renegade/safety-security.html
search SEARCH,NONE,https://www.jeep.com/2021/renegade/technology.html
search SEARCH,NONE,https://www.jeep.com/2021/renegade/specs.html
NONE,change-zip__form-b6275368-a87a-42da-965d-9d5eefb83bef,https://www.jeep.com/2021/renegade/specs.html
Search SEARCH,NONE,https://www.jeep.com/vehicle-selector.model-compare.html
search SEARCH,NONE,https://www.jeep.com/2021/renegade/interior.html
search SEARCH,NONE,https://www.jeep.com/2021/renegade/capability.html
search SEARCH,NONE,https://www.jeep.com/wagoneer/grand-wagoneer/gallery.html
search SEARCH,NONE,https://www.jeep.com/2021/renegade/gallery.html
search SEARCH,NONE,https://www.jeep.com/wagoneer/grand-wagoneer/technology.html
search SEARCH,NONE,https://www.jeep.com/incentives.renegade.2021.html?modelYearCode=CUJ202109#/model/CUJ202109
search SEARCH,NONE,https://www.jeep.com/wagoneer/grand-wagoneer/interior.html
search SEARCH,NONE,https://www.jeep.com/wagoneer/grand-wagoneer/specs.html
NONE,change-zip__form-0b9de476-6e40-4be1-90e6-1c1f39c17a05,https://www.jeep.com/wagoneer/grand-wagoneer/specs.html
Search SEARCH,NONE,https://www.jeep.com/vehicle-selector.model-compare.html
search SEARCH,NONE,https://www.jeep.com/wagoneer/grand-wagoneer/capability.html
search SEARCH,NONE,https://www.jeep.com/wagoneer/wagoneer/capability.html
search SEARCH,NONE,https://www.jeep.com/wagoneer/grand-wagoneer/exterior.html
NONE,change-zip__form-6b80707a-a35c-4ae9-9da9-e426fdcb3051,https://www.jeep.com/wagoneer/grand-wagoneer/exterior.html
search SEARCH,NONE,https://www.jeep.com/wagoneer/grand-wagoneer/safety-security.html
search SEARCH,NONE,https://www.jeep.com/wagoneer/wagoneer/gallery.html
search SEARCH,NONE,https://www.jeep.com/wagoneer/wagoneer/interior.html
NONE,change-zip__form-a20c9b75-d63d-4b82-82b9-f0bca21c89c7,https://www.jeep.com/wagoneer/wagoneer/interior.html
search SEARCH,NONE,https://www.jeep.com/wagoneer/wagoneer/technology.html
search SEARCH,NONE,https://www.jeep.com/wagoneer/wagoneer/exterior.html
NONE,change-zip__form-5dd6c4ce-0a34-44aa-afe4-ca8a5d68e6d8,https://www.jeep.com/wagoneer/wagoneer/exterior.html
Search SEARCH,NONE,https://www.jeep.com/vehicle-selector.model-compare.html
search SEARCH,NONE,https://www.jeep.com/limited-editions/80th-anniversary.html
search SEARCH,NONE,https://www.jeep.com/limited-editions/2021/renegade/upland.html
search SEARCH,NONE,https://www.jeep.com/limited-editions/2021/renegade/islander.html
search SEARCH,NONE,https://www.jeep.com/limited-editions/2021/renegade/jeepster.html
search SEARCH,NONE,https://www.jeep.com/wagoneer/wagoneer/specs.html
NONE,change-zip__form-14e54019-08b3-4f24-938a-4878462c0ee3,https://www.jeep.com/wagoneer/wagoneer/specs.html
search SEARCH,NONE,https://www.jeep.com/limited-editions/compass/altitude.html
search SEARCH,NONE,https://www.jeep.com/limited-editions/2021/gladiator/california-edition.html
search SEARCH,NONE,https://www.jeep.com/limited-editions/2021/gladiator/willys.html
search SEARCH,NONE,https://www.jeep.com/limited-editions/2021/cherokee/high-altitude.html
search SEARCH,NONE,https://www.jeep.com/limited-editions/2021/cherokee/altitude.html
search SEARCH,NONE,https://www.jeep.com/limited-editions/2021/gladiator/texas-trail.html
search SEARCH,NONE,https://www.jeep.com/limited-editions/grand-cherokee/laredo-x.html
search SEARCH,NONE,https://www.jeep.com/limited-editions/wrangler/islander.html
search SEARCH,NONE,https://www.jeep.com/limited-editions/wrangler/willys.html
search SEARCH,NONE,https://www.jeep.com/limited-editions/wrangler/high-altitude.html
search SEARCH,NONE,https://www.jeep.com/limited-editions/renegade/islander.html
search SEARCH,NONE,https://www.jeep.com/limited-editions/wrangler/altitude.html
search SEARCH,NONE,https://www.jeep.com/limited-editions/cherokee/high-altitude.html
search SEARCH,NONE,https://www.jeep.com/incentives/first-responder.html
NONE,NONE,https://e-shop.jeep.com/t1?refrel=jeep&vehicle_type=new&adobe_mc=&adobe_mc=MCMID%3D17011621527562460140235624316027722092%7CMCORGID%3D3ECF483F53AB366E0A490D44%2540AdobeOrg%7CTS%3D1648162518
Search SEARCH,NONE,https://www.jeep.com/vehicle-selector.bmo.html
Search SEARCH,NONE,https://www.jeep.com/vehicle-selector.model-compare.html
search SEARCH,NONE,https://www.jeep.com/incentives/military-incentive.html
search SEARCH,NONE,https://www.jeep.com/history/1950s.html
search SEARCH,NONE,https://www.jeep.com/history/1940s.html
search SEARCH,NONE,https://www.jeep.com/history/1970s.html
search SEARCH,NONE,https://www.jeep.com/history/1980s.html
search SEARCH,NONE,https://www.jeep.com/history/1990s.html
search SEARCH,NONE,https://www.jeep.com/history/2000s.html
search SEARCH,NONE,https://www.jeep.com/history/2020s.html
search SEARCH,NONE,https://www.jeep.com/wagoneer/grand-wagoneer/build-your-own-3d-wagoneer.html
search SEARCH,NONE,https://www.jeep.com/history/1960s.html
search SEARCH,NONE,https://www.jeep.com/wagoneer/wagoneer/build-your-own-3d-wagoneer.html
search SEARCH,NONE,https://www.jeep.com/history/2010s.html
search SEARCH,NONE,https://www.jeep.com/2021/competitive-compare/grand-cherokee.html
search SEARCH,NONE,https://www.jeep.com/2021/competitive-compare/cherokee.html
search SEARCH,NONE,https://www.jeep.com/2021/competitive-compare/compass.html
search SEARCH,NONE,https://www.jeep.com/2021/competitive-compare/renegade.html
search SEARCH,NONE,https://www.jeep.com/2022/grand-cherokee-wk.html
NONE,change-zip__form-ec6007b4-1154-4e55-ad0c-9909d8a0b0c5,https://www.jeep.com/2022/grand-cherokee-wk.html
search SEARCH,NONE,https://www.jeep.com/2021/competitive-compare/gladiator.html
search SEARCH,NONE,https://www.jeep.com/2021/wrangler/wrangler-4xe/build-your-own-3d-jeep.html
search SEARCH,NONE,https://www.jeep.com/limited-editions/renegade/jeepster.html
search SEARCH,NONE,https://www.jeep.com/limited-editions/renegade/upland.html
search SEARCH,NONE,https://www.jeep.com/vehicle-selector.sni.html?app=sni
ZIP CODE10044 Change Change zipcode 10044 SEARCH RADIUS (in miles) 25 50 100 150 200 250 MAX PRICE ANY DEALERS MODELS COLORS POWERTRAIN PACKAGES EXTERIOR INTERIOR RESET FILTERS,wdgt-inventory-filter-form-1,https://www.jeep.com/new-inventory.grand_wagoneer.2022.html?modelYearCode=IUJ202216&radius=25
search SEARCH,NONE,https://www.jeep.com/new-inventory.grand_wagoneer.2022.html?modelYearCode=IUJ202216&radius=25
ZIP CODE10044 Change Change zipcode 10044 SEARCH RADIUS (in miles) 25 50 100 150 200 250 MAX PRICE ANY TOWING ANY HORSEPOWER ANY DEALERS MODELS COLORS POWERTRAIN PACKAGES EXTERIOR INTERIOR RESET FILTERS,wdgt-inventory-filter-form-1,https://www.jeep.com/new-inventory.gladiator.2022.html?modelYearCode=IUJ202211&radius=25
search SEARCH,NONE,https://www.jeep.com/new-inventory.gladiator.2022.html?modelYearCode=IUJ202211&radius=25
ZIP CODE10044 Change Change zipcode 10044 SEARCH RADIUS (in miles) 25 50 100 150 200 250 MAX PRICE ANY DEALERS MODELS DRIVE COLORS POWERTRAIN PACKAGES EXTERIOR INTERIOR RESET FILTERS,wdgt-inventory-filter-form-1,https://www.jeep.com/new-inventory.grand_cherokee.2022.html?modelYearCode=IUJ202203&radius=25
search SEARCH,NONE,https://www.jeep.com/new-inventory.grand_cherokee.2022.html?modelYearCode=IUJ202203&radius=25
ZIP CODE10044 Change Change zipcode 10044 SEARCH RADIUS (in miles) 25 50 100 150 200 250 MAX PRICE ANY TOWING ANY DEALERS MODELS DRIVE COLORS POWERTRAIN PACKAGES EXTERIOR INTERIOR RESET FILTERS,wdgt-inventory-filter-form-1,https://www.jeep.com/new-inventory.wagoneer.2022.html?modelYearCode=IUJ202215&radius=25
search SEARCH,NONE,https://www.jeep.com/new-inventory.wagoneer.2022.html?modelYearCode=IUJ202215&radius=25
ZIP CODE10044 Change Change zipcode 10044 SEARCH RADIUS (in miles) 25 50 100 150 200 250 MAX PRICE ANY HORSEPOWER ANY DEALERS MODELS DRIVE COLORS POWERTRAIN PACKAGES EXTERIOR INTERIOR RESET FILTERS,wdgt-inventory-filter-form-1,https://www.jeep.com/new-inventory.grand_cherokee_l.2021.html?modelYearCode=IUJ202118&radius=25
search SEARCH,NONE,https://www.jeep.com/new-inventory.grand_cherokee_l.2021.html?modelYearCode=IUJ202118&radius=25
ZIP CODE10044 Change Change zipcode 10044 SEARCH RADIUS (in miles) 25 50 100 150 200 250 MAX PRICE ANY HORSEPOWER ANY DEALERS MODELS WHEELBASE VEHICLE TYPE DRIVE COLORS POWERTRAIN PACKAGES EXTERIOR INTERIOR RESET FILTERS,wdgt-inventory-filter-form-1,https://www.jeep.com/new-inventory.grand_cherokee_wl.2022.html?modelYearCode=IUJ202220&radius=25
search SEARCH,NONE,https://www.jeep.com/new-inventory.grand_cherokee_wl.2022.html?modelYearCode=IUJ202220&radius=25
ZIP CODE10044 Change Change zipcode 10044 SEARCH RADIUS (in miles) 25 50 100 150 200 250 MAX PRICE ANY TOWING ANY HORSEPOWER ANY DEALERS MODELS WHEELBASE DOORS COLORS POWERTRAIN PACKAGES EXTERIOR INTERIOR RESET FILTERS,wdgt-inventory-filter-form-1,https://www.jeep.com/new-inventory.wrangler.2022.html?modelYearCode=IUJ202210&radius=25
search SEARCH,NONE,https://www.jeep.com/new-inventory.wrangler.2022.html?modelYearCode=IUJ202210&radius=25
ZIP CODE10044 Change Change zipcode 10044 SEARCH RADIUS (in miles) 25 50 100 150 200 250 MAX PRICE ANY DEALERS MODELS COLORS POWERTRAIN PACKAGES EXTERIOR INTERIOR RESET FILTERS,wdgt-inventory-filter-form-1,https://www.jeep.com/new-inventory.wrangler_4xe.2022.html?modelYearCode=IUJ202217&radius=25
search SEARCH,NONE,https://www.jeep.com/new-inventory.wrangler_4xe.2022.html?modelYearCode=IUJ202217&radius=25
ZIP CODE10044 Change Change zipcode 10044 SEARCH RADIUS (in miles) 25 50 100 150 200 250 MAX PRICE ANY TOWING ANY HORSEPOWER ANY DEALERS MODELS DRIVE COLORS POWERTRAIN PACKAGES EXTERIOR INTERIOR RESET FILTERS,wdgt-inventory-filter-form-1,https://www.jeep.com/new-inventory.compass.2022.html?modelYearCode=IUJ202214&radius=25
search SEARCH,NONE,https://www.jeep.com/new-inventory.compass.2022.html?modelYearCode=IUJ202214&radius=25
ZIP CODE10044 Change Change zipcode 10044 SEARCH RADIUS (in miles) 25 50 100 150 200 250 MAX PRICE ANY HORSEPOWER ANY DEALERS MODELS WHEELBASE DRIVE COLORS POWERTRAIN PACKAGES EXTERIOR INTERIOR RESET FILTERS,wdgt-inventory-filter-form-1,https://www.jeep.com/new-inventory.cherokee.2022.html?modelYearCode=IUJ202208&radius=25
search SEARCH,NONE,https://www.jeep.com/new-inventory.cherokee.2022.html?modelYearCode=IUJ202208&radius=25
ZIP CODE10044 Change Change zipcode 10044 SEARCH RADIUS (in miles) 25 50 100 150 200 250 MAX PRICE ANY TOWING ANY DEALERS MODELS DRIVE COLORS POWERTRAIN PACKAGES EXTERIOR INTERIOR RESET FILTERS,wdgt-inventory-filter-form-1,https://www.jeep.com/new-inventory.renegade.2022.html?modelYearCode=IUJ202209&radius=25
search SEARCH,NONE,https://www.jeep.com/new-inventory.renegade.2022.html?modelYearCode=IUJ202209&radius=25
